handle,followers,full_name,category,bio_hook,profile_url,discovered,status
@ay1in10000,10025,Aylin Alina Okcuoglu,Clothing (Brand),"FASHION | BEAUTY | HOME | MOMMY Ist dein Verlangen groß genug, wird man glauben, du hast übermenschliche Kräfte.@design_ala_ 🐝",https://www.instagram.com/ay1in10000,2026-06-15,
@better_me.coach_eman_ezzo,7248,Better Me | Coach Eman Ezzo,,ICF Certified Relationship | Family & Parenting coach. استشارية علاقات زوجية وأسرية. 📩DM لحجز الجلسات وورش العمل,https://www.instagram.com/better_me.coach_eman_ezzo,2026-06-15,
@adhdparentingbalance,32669,Kelly Williams┇ADHD Parenting Coach,,LCSW + ADHD mom 🧭 I help parents of kids with ADHD get what I never got in that neurologist’s office. Founder of Chaos Compass™,https://www.instagram.com/adhdparentingbalance,2026-06-15,
@antara.khushii,111799,Antara Khushii,Digital creator,"Single Mom|A teacher Parenting| Lifestyle|Educational|Travel Featured in @shethepeopletv , @officialhumansofbombay & @storiyaan_ Kolkata📍",https://www.instagram.com/antara.khushii,2026-06-15,
@adaujaligwa,35523,Ada Ujaligwa,,"🌟God's masterpiece⭐️Recipient of God's highest grace, mercy and favour⭐️I dwell under the ironclad protection of God⭐️Follow @adaujaligwapar",https://www.instagram.com/adaujaligwa,2026-06-15,
@akansha_buddingstar,39920,Akansha Bansal | Storyteller | Children’s Author,Digital creator,🕉️ Spiritual Learning Workshops for Kids ♥️ Helping children learn with joy & confidence 🌸 Founder Budding Star 📩 DM for collaborations 🔱 Jo,https://www.instagram.com/akansha_buddingstar,2026-06-15,
@emosyonbibo,22984,Emosyon Bibo®,Product/service,"Socio-Emotional Learning (SEL) tools that empower parents by Jackie Bugarin-Uy, MA (Ed), Finland @jackiee.uy 💡𝙎𝙃𝙊𝙋 𝙃𝙀𝙍𝙀!👇🏼",https://www.instagram.com/emosyonbibo,2026-06-15,
@brandi_jordan_official,8828,Brandi Jordan | NCS + Doula Business Coach,Entrepreneur,💥 Mom x3 • I Built a 7-figure Baby Business• Lifestyle • Motherhood • Travel 📍 LA + HOU + South of France 🎙️ Host of @deardoulapodcast,https://www.instagram.com/brandi_jordan_official,2026-06-15,
@ellorandco,6515,Ellor & Co (formerly Baby Ellor) | Silicone Baby & Toddler Toys,,"Play, designed with purpose Toy sponsor @themumclub Play Edit Columnist @broodmagazine ✍🏼 Safe • Easy clean • Made to last",https://www.instagram.com/ellorandco,2026-06-15,
@danaivy,12510,"Dana Harf | Mom Life, Full Send",,"You're not alone in the chaos 🙏🏼 Chicago mom of 3 | health, style & mom life after 40... all of it, no holding back. 📸 Mom Life Presets in t",https://www.instagram.com/danaivy,2026-06-15,
@gabitron919,17757,G Y P S Y   G A B R I E L L E,Entrepreneur,"✨Mama✨ Sharing motherhood, slow living, and the journey of building Hearth & Bloom 🌿 Nature • Home • Wellness 🌿",https://www.instagram.com/gabitron919,2026-06-15,
@goldenauraphotography,61911,Emily | Photos for Moms,Product/service,Helping expecting moms ✨ take their own glowing pregnancy&newborn photos 📱 phone only • at home 🤰 photos of yourself you love 👉 backup@momin,https://www.instagram.com/goldenauraphotography,2026-06-15,
@foodie_girlmama,18977,"𝐌𝐞𝐫𝐞𝐝𝐢𝐭𝐡 | Creator | Palm Beach, FL",Digital creator,Motherhood • Everyday life • Easy recipes Mammographer & Instructor 💖 Soccer Mom ⚽️ Shop all my faves 🎯,https://www.instagram.com/foodie_girlmama,2026-06-15,
@inspired_mommy101,9700,Inspired Mommy,,Mom | UGC & Affiliate Creator Sharing what works 🫶🏻 •Family-centered life •Honest recommendations💗 🎀#InspiredMommy™,https://www.instagram.com/inspired_mommy101,2026-06-15,
@junomagazine,15589,JUNO Magazine,Magazine,A natural approach to family life Now digital-only 🧡 Explore our online articles and archive parenting • sustainability • community • wellbe,https://www.instagram.com/junomagazine,2026-06-15,
@littleomo_,11400,Little Omo - Children’s Educational Toy Brand,,"By @desrieetiwalade 🏆Multi-award winning educational toy brand ✨ Books, Flashcards & Puzzles for Children 📰 BBC, Evening Standard, ITV & Toy",https://www.instagram.com/littleomo_,2026-06-15,
@kelseyklos,28204,Kelsey Klos | Party Planner • Flatlay Photographer • Designer,,"making life feel like a party 🪩 anthro favorites • party plans • real life co founder @house.of.fete Charleston, SC",https://www.instagram.com/kelseyklos,2026-06-15,
@musicwithdrgrijda,33695,Grijda Spiri PhD | Music for Modern Parenting,Education,🎼Music Ph.D. Mom. 💙 Violinist & Pianist 💫Helping parents using music intentionally for baby development 🌍Raising a Global Citizen through so,https://www.instagram.com/musicwithdrgrijda,2026-06-15,
@parenthoodunboxed,37193,Parenting Support | Healing Cycles | Raising Strong Families,,"✨Conscious parenting tips for breaking cycles & building connection 🌻Inisghts on attachment, child development & family wellness",https://www.instagram.com/parenthoodunboxed,2026-06-15,
@ruchitapandey_2,126860,Ruchita Pandey - Certified Parenting Coach,Blogger,Parenting l Pregnancy l Motherhood Mom of 2 Boys 👨👶 Connection before Correction #bethechange 📍Mumbai🔁 Gujarat,https://www.instagram.com/ruchitapandey_2,2026-06-15,
@restyledbysally,6547,Sally Wielgus,,"stylist + cool girl mom 👧🏻👧🏼 rewearing, restyling & making effortless style look chic",https://www.instagram.com/restyledbysally,2026-06-15,
@play_with_tade_and_nathan,5230,ნინი გიორგაძე | შემეცნებითი თამაშის იდეები,,"✨გიზიარებთ სენსორული თამაშის იდეებს; ✨სახალისო ექსპერიმენტებს; ✨გასწავლით, როგორ შექმნათ ბიუჯეტური, ხელნაკეთი სათამაშოები თქვენი შვილებისთვი",https://www.instagram.com/play_with_tade_and_nathan,2026-06-15,
@parentmap,59309,ParentMap,Media,Helping families enjoy the ride — ’cause parenting is a trip! 🌦️ Greater Seattle Outings + Events 💡 Parenting Advice + News 🎧 Join Our Paren,https://www.instagram.com/parentmap,2026-06-15,
@snehakulkarni_,134296,Sneha Kulkarni | Creator | Blogger 💎,Personal blog,"Actress, Entrepreneur in Real Estate!💃 Happy Mom👼Travel hacker🌏Style Savvy👠Fitness Fanatic🚴Beauty on the go👄Foodie🥘Mumbai mulgi-Pune porgi!",https://www.instagram.com/snehakulkarni_,2026-06-15,
@rosquinterog,10093,Ros | Lifestyle | Model,Digital creator,❤️ VZLA,https://www.instagram.com/rosquinterog,2026-06-15,
@themomindset,76286,Rebecca | Mom Quotes & Personal Growth,,"• A diary of love, chaos, and everything in between 🤎 • More self-compassion and less mom guilt • Follow and join me on my journey 🫶🏻",https://www.instagram.com/themomindset,2026-06-15,
@thevirtualassistantconnection,7071,Belinda Sandor,Business service,"Are you a Virtual Assistant or thinking about becoming one? Join our community👇🏼to learn how you can make 6-figures doing what you love, at ",https://www.instagram.com/thevirtualassistantconnection,2026-06-15,
@yasemins.vibe,6798,Y A S E M I N,Digital creator,Beauty✨| Alltag Blog Mom of 3 🌸 | Ausflugtipps🎢 Kooperationen: DM📩,https://www.instagram.com/yasemins.vibe,2026-06-15,
@winging_mamahood,50664,Jasmine McInnes | Scotland | Family & Travel Influencer,Digital creator,Scottish Family Influencer of the Year 24-26 3 Time Scottish Influencer Awards Finalist UK Top Family & Travel Influencer List 26 Real Paren,https://www.instagram.com/winging_mamahood,2026-06-15,
@valeliz__,14466,Valeliz,Digital creator,✨ Mamá de 3 | Esposa 🏡Vida de mamá y momentos de familia 📍Colima 🇲🇽,https://www.instagram.com/valeliz__,2026-06-15,
@aylin24500,5208,Aylin Okcuoglu 🌙 🐝,,Fashion/ Beauty/ Home/// Creator-Lable-Name —>@design_ala_,https://www.instagram.com/aylin24500,2026-06-15,
@ariannamessplay33,5080,Arianna Messplay 🪽 💗✨ Embody Your Divine Light,,🕊 Angelic Healer | Intuitive Soul Guide 🌸 Helping you awaken your Divine Self 💫 Angelic energy healing & soul coaching to embody your Divine,https://www.instagram.com/ariannamessplay33,2026-06-15,
@chafinmydream,8287,Amanda Dawn Chafin the Dream,Health/beauty,"Jewelry, boy momma, weightloss Binge Eating Recovery Bypass revision 12/2024 HW: 558 CW: 344 Fate drags the unwilling & rewards the fearless",https://www.instagram.com/chafinmydream,2026-06-15,
@bubsuniverse.au,6842,Bubs,Shopping & retail,Mum + Pharmacist 👩‍⚕️ Helping Aussie mums save 💰 Real baby finds + honest picks 👶 🎁 Free Gifts 👇 Shop Bubs Universe www.Bubs universe.com.au,https://www.instagram.com/bubsuniverse.au,2026-06-15,
@howevermanyhillerichs,28901,Halley,Digital creator,"✝️ Mama of 7 👶🏼 💙 Kentucky 🖊️EdD, MA, MAT, MEd, EdS 🏀 🏈 🏐 🏃‍♀️ 💍 21🧔🏼‍♂️👩🏻",https://www.instagram.com/howevermanyhillerichs,2026-06-15,
@mackidmodestoca,8121,Macaroni KID Modesto CA,Media/news company,Helping you find your family fun in Modesto! 📰Free weekly newsletter 💗Run by a local mom! ✨Subscribe today! 📩DM to collab! @mtnhousemacaroni,https://www.instagram.com/mackidmodestoca,2026-06-15,
@parentalpicks,13381,Parental Picks,,"👶🏼🤱🏻 Parental Picks 🛍️ Bringing you the best in parenting tips, tricks, and product reviews. Join us on our journey! #parentingtips #momlife",https://www.instagram.com/parentalpicks,2026-06-15,
@onzenna.official,16074,onzenna (by zezebaebae),,A Motherhood Solution Brand,https://www.instagram.com/onzenna.official,2026-06-15,
@raise.nurture,119865,Raise & Nurture,,soft words for tired mothers reminders of what truly matters dm for collabs & partnerships,https://www.instagram.com/raise.nurture,2026-06-15,
@arbblanks,14027,𝐀𝐑𝐁 Blanks,,"Boutique-Quality Blanks 🤍 Babies, Kids + More 🧸🩵 Made for everyday wear + customization ✨ Co-Owner @ppcmailers 📦 📘 Resources + guides ↓",https://www.instagram.com/arbblanks,2026-06-16,
@chelsyains,5104,Chelsy | Orlando Girl Mom,,"📍 Orlando Girl Mom ✨Disney & Travel tips, family life & everyday finds 🎀Making the chaos look pretty 👇🏻Sharing what works!",https://www.instagram.com/chelsyains,2026-06-16,
@drloribaudino,5462,"Dr. Lori Baudino, BC-DMT | Expert Child Psychologist",Psychologist,"👨‍👩‍👧‍👦 Parent + Child Focus | 📍 Licensed in CA & UT 🧠 Integrative Therapy 🗣 Author, Speaker, Founder @global_therapists 👇 Resources & Links",https://www.instagram.com/drloribaudino,2026-06-16,
@itsaislingbuckley,5645,Aisling Buckley,Entrepreneur,"💫Travel Obsessed Mom of 4, Making Memories 💫Helping Families Travel More & Earn From Travel 💫Mentor And Coach 💫Building A Life Of Travel And",https://www.instagram.com/itsaislingbuckley,2026-06-16,
@mamas_vibes_,28332,Sally | Health | Marriage | kids digital Creator,Community,"✨A mama sharing family, ✨Faith & healing 🤰Twin mom 👩‍⚕️Microbiologist 🏥Health Educator 🥑 Kids•Family•Wellness 💚 Every home deserves healthy ",https://www.instagram.com/mamas_vibes_,2026-06-16,
@littlelandrd,12563,Little Land - Parent hub,Digital creator,👥 Comunidad para padres de niños y adolescentes (6–18) 🌱 Crianza positiva 🧠 Herramientas y acompañamiento para su desarrollo Creado por una ,https://www.instagram.com/littlelandrd,2026-06-16,
@motivatedmomsclub,98953,Motivated Mom’s Club 💜®️,Community,✨ Helping moms feel seen + supported 💜 28k + strong community of mothers 📲 Daily motivation + real motherhood talk 👇🏽 Join the sisterhood,https://www.instagram.com/motivatedmomsclub,2026-06-16,
@maxlifespeaker,38022,Max,Author,"""ENERGY EVERY DAY"" How to stop living in “I have no strength” mode 🔋 A science-based 30-day recovery protocol Grab the book ⬇️",https://www.instagram.com/maxlifespeaker,2026-06-16,
@ammaraazmi,109226,Dr.Ammara Azmi,Digital creator,🦷Dentist Mom | Digital Nomad 💄Beauty • Lifestyle • Parenting ✈️Travel & Experiences 🏅BOI Recognised Creator ✍️ @jharkhandmomtribe 💌Work : DM,https://www.instagram.com/ammaraazmi,2026-06-17,
@awakenwithuma,13280,Uma Maheswari - Conscious Motherhood Coach & NLP Coach,Coach,Mothers shape generations. Helping mothers build emotionally safe & deeply connected families without losing themselves. Start here👇,https://www.instagram.com/awakenwithuma,2026-06-17,
@ais_pempekhoney,24264,Helis Soleha,,Mompreneur dari GARASI RUMAH ke DUNIA ceo Group & 🥟 founder @pempekhoney 🐬 founder @ais_hfm_agenikansumsel 💰founder @pusat_maklon_pempek_ais,https://www.instagram.com/ais_pempekhoney,2026-06-17,
@divya_wonderparenting,52000,Divya Agrawal | Parenting & Life Coach 🇮🇳,,"Emotional Regulation Coach for moms & teens 🧠 Moms: break guilt loop Teens: 12-17 | Focus, screen habits & calm under pressure 90 Days 1:1 D",https://www.instagram.com/divya_wonderparenting,2026-06-17,
@drgreerkirshenbaum,155599,Dr Greer Kirshenbaum PhD 🧠 Author • Neuroscientist • Doula • Mom,Scientist,Growing Mental Health for Babies 0-3 Years & Mothers 👶🏻 Podcast Spoil Your Baby🎙️ Author of The Nurture Revolution 📖 Free Guides for Parents,https://www.instagram.com/drgreerkirshenbaum,2026-06-17,
@burairnazir_4,6326,Burair Nazir,,CEO Blue World Trade Center CEO Forces School & College System,https://www.instagram.com/burairnazir_4,2026-06-17,
@crownedbyremmie,5226,Arniesha Randall,,DALLAS 🌎 👩🏾‍💻 https://linktr.ee/CrownedByRemmie #longliveamari💔🙏🏿Follow @flawlesspinkstudios,https://www.instagram.com/crownedbyremmie,2026-06-17,
@green_spring_updates,6357,Ms. Chitua Splendour,Education,Passionate Educator Early Years Expert Teacher Trainer Parenting Coach,https://www.instagram.com/green_spring_updates,2026-06-17,
@hope_faith_love_86,12943,Cori Nna,,"* nachhaltig Leben - bio & fair trade * Schmuck, Mode, Outdoor & Lifestyle * Mom 2024 🥰",https://www.instagram.com/hope_faith_love_86,2026-06-17,
@jaiinstituteforparenting,110531,Jai Institute | Parent Coach Certification,,Heal your story. Guide others. We show you how. 🌎 Over 2500 graduates in 65+ countries ✨ DM “INFO” for your free Info Kit,https://www.instagram.com/jaiinstituteforparenting,2026-06-17,
@love_and_logic_institute,33559,Love and Logic Institute,,Helping parents and teachers raise responsible kids since 1977. Practical tools. Less stress. More connection. 800-338-4065,https://www.instagram.com/love_and_logic_institute,2026-06-17,
@lilinevaa,5611,,Comedian,"☼☽ just a grown up kid, raising kids",https://www.instagram.com/lilinevaa,2026-06-17,
@littlebitsof_hope,98567,mallory anderson,Artist,💜christian•wife•autism mama•k teacher•mississippi artist ✏️sharing hope & happiness through hand lettered designs.,https://www.instagram.com/littlebitsof_hope,2026-06-17,
@mommyhues,66032,✨ Apurva P | Parenting Coach | Brain Educator,Coach,"Parenting | 🧠 Brain Education for Kids Emotional Wellness for Moms: @apurva.coach Everyday Art, made to Use & Wear: @humminghues Reset for m",https://www.instagram.com/mommyhues,2026-06-17,
@letslassothemoon,75224,Let’s Lasso The Moon,Personal blog,Opt-out of overwhelm with tips and tools for simplifying life. You can also find me over at @becomingunbusy 💛,https://www.instagram.com/letslassothemoon,2026-06-17,
@raisingthe.future,122159,Conscious Parenting Coach | Sammy & Cam,,🙌Helping parents break cycles & reparent 🧠 Logical parenting strategies that work 👩‍🎓 Behaviour Specialist & Psych 👇 Become a Conscious Pare,https://www.instagram.com/raisingthe.future,2026-06-17,
@mysnugsbaby,11416,Snugs,Brand,"Made with the same care you give them. ✨Free shipping to US, UK, IN, UAE & AU ✨7 Day Returns(No questions) ✨Family Owned",https://www.instagram.com/mysnugsbaby,2026-06-17,
@old.school.parenting,58353,Vidhi | Kids Routine & Behaviour Coach,,"💫Mom of 2 | Practical, real life methods 💫Helping moms fix tantrums & routine 💫Simple discipline systems | No shouting 💫DM ""HELP"" for guidan",https://www.instagram.com/old.school.parenting,2026-06-17,
@sydney_sellsaz,5197,Sydney Grimsrud | 📍West Valley/Scottsdale AZ Realtor,Real Estate Agent,"Living the AZ lifestyle, not just selling it 🤍 West Valley | Scottsdale specialist 🤘🏻 Wife, mom of ✌️& frenchie mama 💕 💎Limitless Real Estat",https://www.instagram.com/sydney_sellsaz,2026-06-17,
@riki.eisenberg,11546,Riki Eisenberg | Unfiltered Motherhood,,A Jewish Mama 🤎 Processing motherhood in real time. Building a village. Foodie.,https://www.instagram.com/riki.eisenberg,2026-06-17,
@shreya.realmomreallife,33069,Shreya Shetty,Digital creator,📍 Bangalore Screen-Free Mom of 2 (👧🏻10 & 👦🏻4)👩‍👧‍👦 Kid-Friendly Travel ✈️ & Activities Healthy Lunchbox & Meals 🥗 Honest Kids’ Reccos,https://www.instagram.com/shreya.realmomreallife,2026-06-17,
@reminasidhu,14043,Remina Sidhu Thandi,Digital creator,"• family | lifestyle • 📍 vancouver, bc • 📧 collab/partnership",https://www.instagram.com/reminasidhu,2026-06-17,
@stellarizeyourlife,26796,Stella K. von Burgsdorff,Designer,Mothering six Littlies | Finding joy in everyday motherhood & homemaking | Motherhood Lifestyle-Stationery Designer | Shop below 🇿🇦👇🏻,https://www.instagram.com/stellarizeyourlife,2026-06-17,
@worldseeker_official,150616,Sonali Mehta | Lifestyle Parenting Coach • Nutritionist,Blogger,"💼 Working Mom 🎯Worked with 200+ brands 😇Confidently Raising, Creatively Living 💙 Lifestyle & Parenting wishlink.com/worldseekerofficial",https://www.instagram.com/worldseeker_official,2026-06-17,
@alenagomesrodrigues,5976,Alena Gomes Rodrigues,,CEO of Zen Supermom Mommy Tantrum Specialist ✨Helping loving but busy moms stop yelling at their kids,https://www.instagram.com/alenagomesrodrigues,2026-06-18,
@feedsflareofficial,10828,FeedsFlare,,"FeedsFlare Where ideas spark and knowledge shines. A trusted multi-niche blog delivering expert, SEO-friendly content across diverse industr",https://www.instagram.com/feedsflareofficial,2026-06-18,
@fusionbabygh,20184,⭐️FUSION BABY STORE⭐️,,🇬🇭Only The Best For Darling Baby & Mom 🤱🏾Baby & Mom Store ☎️/whatsapp 0266151512 📞 Tse Addo 0598953851 📞Osu 0248945239 ⬇️Click to order,https://www.instagram.com/fusionbabygh,2026-06-18,
@claudiayayaramirez,6538,Claudia Ramírez Delgado,,blogger ✨ mamá de 3 🥰 Fit Mom 💪🏼,https://www.instagram.com/claudiayayaramirez,2026-06-18,
@dharti09_10,15921,Dharti Patel,Digital creator,CEO | Digital Business Coach & Mentor Helping beginners build income online 💻 Step-by-step system | Real skills | Real support 👇 FREE Worksh,https://www.instagram.com/dharti09_10,2026-06-18,
@kaira.bhojwani,109598,Kaira bhojwani,Personal blog,"Welcome to my beautiful Chaotic Life of motherhood ,lifestyle,Real moments -Mom ,Parenting & Lifestyle Blogger Dm /Mail for collaboration❤️",https://www.instagram.com/kaira.bhojwani,2026-06-18,
@hetal_joshi_a,55876,Hetal,Entrepreneur,Empowering everyday people! I help people looking to supplement their income by plugging them into an online system to live a healthy & weal,https://www.instagram.com/hetal_joshi_a,2026-06-18,
@hippppieatheart,15891,Anita,Digital creator,"Millennial mum | figuring it out daily Low tox • thrifted • in “Finding my pink” era Iced lattes, linen & baskets Welcome to the chaos ✨ Cod",https://www.instagram.com/hippppieatheart,2026-06-18,
@lindseyhein626,25836,Lindsey Hein,Entrepreneur,"EMCEE, Podcaster & Run Coach Founder: @sandyboyproductions 🎧Host: I’ll Have Another 🎧Host: @relay_site & @roadtothetrials 🏃‍♀️ Coach: @runte",https://www.instagram.com/lindseyhein626,2026-06-18,
@star_yuvraj0007,191495,YUVRAJ 🌍,Digital creator,DM for collobration 📧 Lifestyle ! parenting ! Family !kids fashion Account Run by -mommy @deepshikhachaudhary17,https://www.instagram.com/star_yuvraj0007,2026-06-18,
@princesse_samfady,11654,Sam 花言巧语🧿,Personal blog,"Entre femmes, brillons sans nous éteindre les unes les autres✨ 📩 collaborations : actu, lifestyle abonne-toi pour suivre l’aventure",https://www.instagram.com/princesse_samfady,2026-06-18,
@sunsetssistersandsweettea,148556,Valyssa (melissa with a V),,Jesus > 5 kids| homeschool | real life | travel | wife 💌 Email for Collabs|UGC Shop links click here ⬇️🔗,https://www.instagram.com/sunsetssistersandsweettea,2026-06-18,
@themandyemerson,11409,Mandy | Faith + Business SAHM,,✝️ Jesus always 🙋🏼‍♀️ your type A bestie showing you how to be present & prosperous📱insta coach → multiple income SAHM ⬇️ free downloads + g,https://www.instagram.com/themandyemerson,2026-06-18,
@tellesya,5144,Elesya | Инфографика & Блог 🤍,,🤱🏻 Мама сына 🎨 Инфографика • Визуальный контент • Дизайн 🎥 Материнство и жизнь в кадре 🤍 Здесь всё по-настоящему,https://www.instagram.com/tellesya,2026-06-18,
@zyia.with.ali,12099,Ali • leggings + lifestyle,,Wearing and sharing the moon 🌙 8 year Zyia Rep •Boy Mom + Autism mama ♾️🫶🏻 •Probably listening to T-Swift •Let’s connect!!👇🏼🇺🇸🇨🇦🇦🇺,https://www.instagram.com/zyia.with.ali,2026-06-18,
@zindagi.unfiltered,18809,Yojana Dahiya,,"Modern mom.Mindful heart.Messy bun✨️ Raising kids & confidence together💄 Follow for real life, growth & a little glam",https://www.instagram.com/zindagi.unfiltered,2026-06-18,
@___.rheaaa.____,7417,Rhea singh,,✨ Wife • Mom • Dreamer ✈️ Travel • Memories • Love ✨ Living my story 📧 DM / Mail for collabs.,https://www.instagram.com/___.rheaaa.____,2026-06-19,
@adhdwithamitbatra,5948,Amit Batra | Teen - ADHD,,ADHD teen coach for parents 🤝 Simple strategies for focus 🧠 & calm routines You’re doing better than you think 💛 Free Toolkit👇,https://www.instagram.com/adhdwithamitbatra,2026-06-19,
@drlindsayemmerson,24727,Dr. Lindsay Emmerson✨Parenting,,✨Practical tips to confidently parent 0-18 ✨Psychologist & mom of 4 ✨Grab my free better behavior guide ↙️,https://www.instagram.com/drlindsayemmerson,2026-06-19,
@lifewithshonna,14955,Shonna | everyday living + beauty/fashion bestie,Blogger,"DO MORE OF WHAT MAKES YOU HAPPY •mom life 👩🏻 •just a mama on the go ⚡️ •living for all the live music 🎶 •hair, makeup, skincare, ootd 🤳🏼",https://www.instagram.com/lifewithshonna,2026-06-19,
@mom_pointof_view,11102,Mama_In_The_Moment | Lifestyle | Mom n Baby Care,Digital creator,Lifestyle • Mom n Baby Content Honest reviews Helping discover what works 👶✨ open for Collaboration,https://www.instagram.com/mom_pointof_view,2026-06-19,
@parentingcoachifra,34477,Ifrah Hanan | Parent Emotional Regulation Coach,Children & Parenting,💡 Parenting Made Simple & StressFree 📌 3+ Years Helping ToddlerParents Raise emotionally strong Kids 📖 100s of Homes Transformed 📥 DM for 1:,https://www.instagram.com/parentingcoachifra,2026-06-19,
@mommy.tales4u,206234,Hema Sachan । Professional Educator,,🔹️Parenting tips 🔹️Health & educational guide 🔹️MOMMY OF ONE👩‍👦@aarnasachan 💌DM for promotions and collab,https://www.instagram.com/mommy.tales4u,2026-06-19,
@pamutapparel,16220,Pamut Apparel,Clothing (Brand),Brought to you by designer Kat. Clothes made to order in sizes XS-4X + custom. Natural fibers only. Made in Raleigh NC.,https://www.instagram.com/pamutapparel,2026-06-19,
@momlifeandstylefinds,29214,Lizi | Mom Life & Style Finds,,Stylist & boy mom Style inspo & outfit ideas for you & your little ones New arrivals & seasonal trends 📍US based | Links ⤵️,https://www.instagram.com/momlifeandstylefinds,2026-06-19,
@sermamaempoderada,8048,Andre Naranjo 💞 Mamá Empoderada,Blogger,💞 Comunidad de mujeres reales 🤱🏻 Maternidad consciente y sin culpa 👩🏻‍💼 Mg. DirCom | Event Planner 🎙️ Maestra de ceremonias ✨ Productora @be,https://www.instagram.com/sermamaempoderada,2026-06-19,
@sneha_rao_kotte,12763,Sneha Rao Kotte,Digital creator,#mrsindia2017 MomStyling/MomTips Hyderabad🇮🇳 Singapore🇸🇬 Only Promoting brands that I use&love💕 Dm for Collab #sginfluencer#momblogger#hydin,https://www.instagram.com/sneha_rao_kotte,2026-06-19,
@solicitude_parentingbyritujain,12116,Ritu Jain | parenting coach | child development specialist,Children & Parenting,"👪 #parentingcoach Empowering parents worldwide 1700+ families | 50+ countries 9 years of real, practical parenting guidance #aromatherapist",https://www.instagram.com/solicitude_parentingbyritujain,2026-06-19,
@valquerea.mx,7808,Valeria Querea,Digital creator,Lifestyle blogger 👑 Mom of a Princess Based in Los Cabos Tiktok +19k👇🏼,https://www.instagram.com/valquerea.mx,2026-06-19,
@the_connected_parent,26195,Lexi Bradley,Family Therapist,"I empower parents to adopt intentional, and conscious parenting. Counsellor and MA in research psychology, 12 years as a family & play thera",https://www.instagram.com/the_connected_parent,2026-06-19,
@stressfree_mommy,19402,Kinjal Varma,,✨ Sharing the magic and mess of toddler life 🧑‍🧑‍🧒‍🧒 Mom of two ❤️ Positive parenting coach ☘️ let’s grow together,https://www.instagram.com/stressfree_mommy,2026-06-19,
